/ /byoc 301
/_downloads/c74194e5d55278497e27584eb0b3259d/public-key.txt /byoc/_downloads/c74194e5d55278497e27584eb0b3259d/public-key.txt 301
/administration/ /byoc/administration 301
/administration /byoc/administration 301
/administration/applications/ /byoc/administration/applications 301
/administration/applications /byoc/administration/applications 301
/administration/cli-authentication/ /byoc/administration/cli-authentication 301
/administration/cli-authentication /byoc/administration/cli-authentication 301
/administration/usage/ /byoc/administration/usage 301
/administration/usage /byoc/administration/usage 301
/administration/user-management/ /byoc/administration/user-management 301
/administration/user-management /byoc/administration/user-management 301
/building-workflows/ /byoc/core-concepts 301
/building-workflows /byoc/core-concepts 301
/building-workflows/artifacts/ /byoc/core-concepts/artifacts 301
/building-workflows/artifacts /byoc/core-concepts/artifacts 301
/building-workflows/artifacts/connecting-workflows-with-artifact-event-triggers/ /byoc/core-concepts/artifacts/connecting-workflows-with-artifact-event-triggers 301
/building-workflows/artifacts/connecting-workflows-with-artifact-event-triggers /byoc/core-concepts/artifacts/connecting-workflows-with-artifact-event-triggers 301
/building-workflows/artifacts/consuming-artifacts-in-workflows/ /byoc/core-concepts/artifacts/consuming-artifacts-in-workflows 301
/building-workflows/artifacts/consuming-artifacts-in-workflows /byoc/core-concepts/artifacts/consuming-artifacts-in-workflows 301
/building-workflows/artifacts/declaring-artifacts/ /byoc/core-concepts/artifacts/declaring-artifacts 301
/building-workflows/artifacts/declaring-artifacts /byoc/core-concepts/artifacts/declaring-artifacts 301
/building-workflows/artifacts/materializing-artifacts/ /byoc/core-concepts/artifacts/materializing-artifacts 301
/building-workflows/artifacts/materializing-artifacts /byoc/core-concepts/artifacts/materializing-artifacts 301
/building-workflows/launch-plans/ /byoc/core-concepts/launch-plans 301
/building-workflows/launch-plans /byoc/core-concepts/launch-plans 301
/building-workflows/launch-plans/reactive-workflows/ /byoc/core-concepts/launch-plans/reactive-workflows 301
/building-workflows/launch-plans/reactive-workflows /byoc/core-concepts/launch-plans/reactive-workflows 301
/building-workflows/launch-plans/running-launch-plans/ /byoc/core-concepts/launch-plans/running-launch-plans 301
/building-workflows/launch-plans/running-launch-plans /byoc/core-concepts/launch-plans/running-launch-plans 301
/building-workflows/launch-plans/triggers/ /byoc/core-concepts/launch-plans/reactive-workflows 301
/building-workflows/launch-plans/triggers /byoc/core-concepts/launch-plans/reactive-workflows 301
/building-workflows/tasks/ /byoc/core-concepts/tasks 301
/building-workflows/tasks /byoc/core-concepts/tasks 301
/building-workflows/tasks/task-caching/ /byoc/core-concepts/tasks/task-caching 301
/building-workflows/tasks/task-caching /byoc/core-concepts/tasks/task-caching 301
/building-workflows/tasks/task-hardware-environment/ /byoc/core-concepts/tasks/task-hardware-environment 301
/building-workflows/tasks/task-hardware-environment /byoc/core-concepts/tasks/task-hardware-environment 301
/building-workflows/tasks/task-hardware-environment/accelerators/ /byoc/core-concepts/tasks/task-hardware-environment/accelerators 301
/building-workflows/tasks/task-hardware-environment/accelerators /byoc/core-concepts/tasks/task-hardware-environment/accelerators 301
/building-workflows/tasks/task-hardware-environment/customizing-task-resources/ /byoc/core-concepts/tasks/task-hardware-environment/customizing-task-resources 301
/building-workflows/tasks/task-hardware-environment/customizing-task-resources /byoc/core-concepts/tasks/task-hardware-environment/customizing-task-resources 301
/building-workflows/tasks/task-hardware-environment/interruptible-instances/ /byoc/core-concepts/tasks/task-hardware-environment/interruptible-instances 301
/building-workflows/tasks/task-hardware-environment/interruptible-instances /byoc/core-concepts/tasks/task-hardware-environment/interruptible-instances 301
/building-workflows/tasks/task-parameters/ /byoc/core-concepts/tasks/task-parameters 301
/building-workflows/tasks/task-parameters /byoc/core-concepts/tasks/task-parameters 301
/building-workflows/tasks/task-software-environment/ /byoc/core-concepts/tasks/task-software-environment 301
/building-workflows/tasks/task-software-environment /byoc/core-concepts/tasks/task-software-environment 301
/building-workflows/tasks/task-software-environment/environment-variables/ /byoc/core-concepts/tasks/task-software-environment/environment-variables 301
/building-workflows/tasks/task-software-environment/environment-variables /byoc/core-concepts/tasks/task-software-environment/environment-variables 301
/building-workflows/tasks/task-software-environment/imagespec-with-ecr/ /byoc/core-concepts/tasks/task-software-environment/imagespec-with-ecr 301
/building-workflows/tasks/task-software-environment/imagespec-with-ecr /byoc/core-concepts/tasks/task-software-environment/imagespec-with-ecr 301
/building-workflows/tasks/task-software-environment/imagespec-with-gar/ /byoc/core-concepts/tasks/task-software-environment/imagespec-with-gar 301
/building-workflows/tasks/task-software-environment/imagespec-with-gar /byoc/core-concepts/tasks/task-software-environment/imagespec-with-gar 301
/building-workflows/tasks/task-software-environment/imagespec/ /byoc/core-concepts/tasks/task-software-environment/imagespec 301
/building-workflows/tasks/task-software-environment/imagespec /byoc/core-concepts/tasks/task-software-environment/imagespec 301
/building-workflows/tasks/task-software-environment/secrets/ /byoc/core-concepts/tasks/task-software-environment/secrets 301
/building-workflows/tasks/task-software-environment/secrets /byoc/core-concepts/tasks/task-software-environment/secrets 301
/building-workflows/tasks/task-types/ /byoc/core-concepts/tasks/task-types 301
/building-workflows/tasks/task-types /byoc/core-concepts/tasks/task-types 301
/building-workflows/workflows/ /byoc/core-concepts/workflows 301
/building-workflows/workflows /byoc/core-concepts/workflows 301
/building-workflows/workflows/dynamic-workflows/ /byoc/core-concepts/workflows/dynamic-workflows 301
/building-workflows/workflows/dynamic-workflows /byoc/core-concepts/workflows/dynamic-workflows 301
/building-workflows/workflows/eager-workflows/ /byoc/core-concepts/workflows/eager-workflows 301
/building-workflows/workflows/eager-workflows /byoc/core-concepts/workflows/eager-workflows 301
/building-workflows/workflows/standard-workflows/ /byoc/core-concepts/workflows/standard-workflows 301
/building-workflows/workflows/standard-workflows /byoc/core-concepts/workflows/standard-workflows 301
/building-workflows/workflows/subworkflows/ /byoc/core-concepts/workflows/subworkflows 301
/building-workflows/workflows/subworkflows /byoc/core-concepts/workflows/subworkflows 301
/concepts/ /byoc/core-concepts 301
/concepts /byoc/core-concepts 301
/core-concepts/ /byoc/core-concepts 301
/core-concepts /byoc/core-concepts 301
/core-concepts/artifacts/ /byoc/core-concepts/artifacts 301
/core-concepts/artifacts /byoc/core-concepts/artifacts 301
/core-concepts/artifacts/connecting-workflows-with-artifact-event-triggers/ /byoc/core-concepts/artifacts/connecting-workflows-with-artifact-event-triggers 301
/core-concepts/artifacts/connecting-workflows-with-artifact-event-triggers /byoc/core-concepts/artifacts/connecting-workflows-with-artifact-event-triggers 301
/core-concepts/artifacts/consuming-artifacts-in-workflows/ /byoc/core-concepts/artifacts/consuming-artifacts-in-workflows 301
/core-concepts/artifacts/consuming-artifacts-in-workflows /byoc/core-concepts/artifacts/consuming-artifacts-in-workflows 301
/core-concepts/artifacts/declaring-artifacts/ /byoc/core-concepts/artifacts/declaring-artifacts 301
/core-concepts/artifacts/declaring-artifacts /byoc/core-concepts/artifacts/declaring-artifacts 301
/core-concepts/artifacts/materializing-artifacts/ /byoc/core-concepts/artifacts/materializing-artifacts 301
/core-concepts/artifacts/materializing-artifacts /byoc/core-concepts/artifacts/materializing-artifacts 301
/core-concepts/artifacts/viewing-artifacts/ /byoc/core-concepts/artifacts/viewing-artifacts 301
/core-concepts/artifacts/viewing-artifacts /byoc/core-concepts/artifacts/viewing-artifacts 301
/core-concepts/caching/ /byoc/core-concepts/caching 301
/core-concepts/caching /byoc/core-concepts/caching 301
/core-concepts/launch-plans/ /byoc/core-concepts/launch-plans 301
/core-concepts/launch-plans /byoc/core-concepts/launch-plans 301
/core-concepts/launch-plans/activating-and-deactivating-launch-plans/ /byoc/core-concepts/launch-plans/activating-and-deactivating 301
/core-concepts/launch-plans/activating-and-deactivating-launch-plans /byoc/core-concepts/launch-plans/activating-and-deactivating 301
/core-concepts/launch-plans/activating-and-deactivating/ /byoc/core-concepts/launch-plans/activating-and-deactivating 301
/core-concepts/launch-plans/activating-and-deactivating /byoc/core-concepts/launch-plans/activating-and-deactivating 301
/core-concepts/launch-plans/defining-launch-plans/ /byoc/core-concepts/launch-plans/defining-launch-plans 301
/core-concepts/launch-plans/defining-launch-plans /byoc/core-concepts/launch-plans/defining-launch-plans 301
/core-concepts/launch-plans/inspecting-launch-plans/ /byoc/core-concepts/viewing-launch-plans 301
/core-concepts/launch-plans/inspecting-launch-plans /byoc/core-concepts/viewing-launch-plans 301
/core-concepts/launch-plans/notifications/ /byoc/core-concepts/launch-plans/notifications 301
/core-concepts/launch-plans/notifications /byoc/core-concepts/launch-plans/notifications 301
/core-concepts/launch-plans/reactive-workflows/ /byoc/core-concepts/launch-plans/reactive-workflows 301
/core-concepts/launch-plans/reactive-workflows /byoc/core-concepts/launch-plans/reactive-workflows 301
/core-concepts/launch-plans/running-launch-plans/ /byoc/core-concepts/launch-plans/running-launch-plans 301
/core-concepts/launch-plans/running-launch-plans /byoc/core-concepts/launch-plans/running-launch-plans 301
/core-concepts/launch-plans/schedules/ /byoc/core-concepts/launch-plans/schedules 301
/core-concepts/launch-plans/schedules /byoc/core-concepts/launch-plans/schedules 301
/core-concepts/launch-plans/viewing-launch-plans/ /byoc/core-concepts/launch-plans/viewing-launch-plans 301
/core-concepts/launch-plans/viewing-launch-plans /byoc/core-concepts/launch-plans/viewing-launch-plans 301
/core-concepts/tasks/ /byoc/core-concepts/tasks 301
/core-concepts/tasks /byoc/core-concepts/tasks 301
/core-concepts/tasks/launching-tasks/ /byoc/core-concepts/tasks/launching-tasks 301
/core-concepts/tasks/launching-tasks /byoc/core-concepts/tasks/launching-tasks 301
/core-concepts/tasks/task-hardware-environment/ /byoc/core-concepts/tasks/task-hardware-environment 301
/core-concepts/tasks/task-hardware-environment /byoc/core-concepts/tasks/task-hardware-environment 301
/core-concepts/tasks/task-hardware-environment/accelerators/ /byoc/core-concepts/tasks/task-hardware-environment/accelerators 301
/core-concepts/tasks/task-hardware-environment/accelerators /byoc/core-concepts/tasks/task-hardware-environment/accelerators 301
/core-concepts/tasks/task-hardware-environment/customizing-task-resources/ /byoc/core-concepts/tasks/task-hardware-environment/customizing-task-resources 301
/core-concepts/tasks/task-hardware-environment/customizing-task-resources /byoc/core-concepts/tasks/task-hardware-environment/customizing-task-resources 301
/core-concepts/tasks/task-hardware-environment/interruptible-instances/ /byoc/core-concepts/tasks/task-hardware-environment/interruptible-instances 301
/core-concepts/tasks/task-hardware-environment/interruptible-instances /byoc/core-concepts/tasks/task-hardware-environment/interruptible-instances 301
/core-concepts/tasks/task-hardware-environment/task-level-monitoring/ /byoc/core-concepts/tasks/task-hardware-environment/task-level-monitoring 301
/core-concepts/tasks/task-hardware-environment/task-level-monitoring /byoc/core-concepts/tasks/task-hardware-environment/task-level-monitoring 301
/core-concepts/tasks/task-parameters/ /byoc/core-concepts/tasks/task-parameters 301
/core-concepts/tasks/task-parameters /byoc/core-concepts/tasks/task-parameters 301
/core-concepts/tasks/task-software-environment/ /byoc/core-concepts/tasks/task-software-environment 301
/core-concepts/tasks/task-software-environment /byoc/core-concepts/tasks/task-software-environment 301
/core-concepts/tasks/task-software-environment/environment-variables/ /byoc/core-concepts/tasks/task-software-environment/environment-variables 301
/core-concepts/tasks/task-software-environment/environment-variables /byoc/core-concepts/tasks/task-software-environment/environment-variables 301
/core-concepts/tasks/task-software-environment/imagespec-with-ecr/ /byoc/core-concepts/tasks/task-software-environment/imagespec-with-ecr 301
/core-concepts/tasks/task-software-environment/imagespec-with-ecr /byoc/core-concepts/tasks/task-software-environment/imagespec-with-ecr 301
/core-concepts/tasks/task-software-environment/imagespec-with-gar/ /byoc/core-concepts/tasks/task-software-environment/imagespec-with-gar 301
/core-concepts/tasks/task-software-environment/imagespec-with-gar /byoc/core-concepts/tasks/task-software-environment/imagespec-with-gar 301
/core-concepts/tasks/task-software-environment/imagespec/ /byoc/core-concepts/tasks/task-software-environment/imagespec 301
/core-concepts/tasks/task-software-environment/imagespec /byoc/core-concepts/tasks/task-software-environment/imagespec 301
/core-concepts/tasks/task-software-environment/secrets/ /byoc/core-concepts/tasks/task-software-environment/secrets 301
/core-concepts/tasks/task-software-environment/secrets /byoc/core-concepts/tasks/task-software-environment/secrets 301
/core-concepts/tasks/task-types/ /byoc/core-concepts/tasks/task-types 301
/core-concepts/tasks/task-types /byoc/core-concepts/tasks/task-types 301
/core-concepts/tasks/viewing-cloudwatch-logs-for-a-task/ /byoc/core-concepts/tasks/viewing-logs 301
/core-concepts/tasks/viewing-cloudwatch-logs-for-a-task /byoc/core-concepts/tasks/viewing-logs 301
/core-concepts/tasks/viewing-logs/ /byoc/core-concepts/tasks/viewing-logs 301
/core-concepts/tasks/viewing-logs /byoc/core-concepts/tasks/viewing-logs 301
/core-concepts/tasks/viewing-tasks/ /byoc/core-concepts/tasks/viewing-tasks 301
/core-concepts/tasks/viewing-tasks /byoc/core-concepts/tasks/viewing-tasks 301
/core-concepts/workflows/ /byoc/core-concepts/workflows 301
/core-concepts/workflows /byoc/core-concepts/workflows 301
/core-concepts/workflows/dynamic-workflows/ /byoc/core-concepts/workflows/dynamic-workflows 301
/core-concepts/workflows/dynamic-workflows /byoc/core-concepts/workflows/dynamic-workflows 301
/core-concepts/workflows/eager-workflows/ /byoc/core-concepts/workflows/eager-workflows 301
/core-concepts/workflows/eager-workflows /byoc/core-concepts/workflows/eager-workflows 301
/core-concepts/workflows/launching-workflows/ /byoc/core-concepts/workflows/launching-workflows 301
/core-concepts/workflows/launching-workflows /byoc/core-concepts/workflows/launching-workflows 301
/core-concepts/workflows/standard-workflows/ /byoc/core-concepts/workflows/standard-workflows 301
/core-concepts/workflows/standard-workflows /byoc/core-concepts/workflows/standard-workflows 301
/core-concepts/workflows/subworkflows-and-sub-launch-plans/ /byoc/core-concepts/workflows/subworkflows-and-sub-launch-plans 301
/core-concepts/workflows/subworkflows-and-sub-launch-plans /byoc/core-concepts/workflows/subworkflows-and-sub-launch-plans 301
/core-concepts/workflows/subworkflows/ /byoc/core-concepts/workflows/subworkflows-and-sub-launch-plans 301
/core-concepts/workflows/subworkflows /byoc/core-concepts/workflows/subworkflows-and-sub-launch-plans 301
/core-concepts/workflows/viewing-workflow-executions/ /byoc/core-concepts/workflows/viewing-workflow-executions 301
/core-concepts/workflows/viewing-workflow-executions /byoc/core-concepts/workflows/viewing-workflow-executions 301
/core-concepts/workflows/viewing-workflows/ /byoc/core-concepts/workflows/viewing-workflows 301
/core-concepts/workflows/viewing-workflows /byoc/core-concepts/workflows/viewing-workflows 301
/data-input-output/ /byoc/data-input-output 301
/data-input-output /byoc/data-input-output 301
/data-input-output/accelerated-datasets/ /byoc/data-input-output/accelerated-datasets 301
/data-input-output/accelerated-datasets /byoc/data-input-output/accelerated-datasets 301
/data-input-output/flytefile/ /byoc/data-input-output/flytefile 301
/data-input-output/flytefile /byoc/data-input-output/flytefile 301
/data-plane-setup/ /byoc/data-plane-setup 301
/data-plane-setup /byoc/data-plane-setup 301
/data-plane-setup/configuring-your-data-plane/ /byoc/data-plane-setup/configuring-your-data-plane 301
/data-plane-setup/configuring-your-data-plane /byoc/data-plane-setup/configuring-your-data-plane 301
/data-plane-setup/data-plane-setup-on-aws/ /byoc/data-plane-setup/data-plane-setup-on-aws 301
/data-plane-setup/data-plane-setup-on-aws /byoc/data-plane-setup/data-plane-setup-on-aws 301
/data-plane-setup/data-plane-setup-on-gcp/ /byoc/data-plane-setup/data-plane-setup-on-gcp 301
/data-plane-setup/data-plane-setup-on-gcp /byoc/data-plane-setup/data-plane-setup-on-gcp 301
/data-plane-setup/multi-cluster/ /byoc/data-plane-setup/multi-cluster 301
/data-plane-setup/multi-cluster /byoc/data-plane-setup/multi-cluster 301
/data-plane-setup/single-sign-on-setup/ /byoc/data-plane-setup/single-sign-on-setup 301
/data-plane-setup/single-sign-on-setup /byoc/data-plane-setup/single-sign-on-setup 301
/data-plane-setup/single-sign-on-setup/microsoft-entra-id/ /byoc/data-plane-setup/single-sign-on-setup/microsoft-entra-id 301
/data-plane-setup/single-sign-on-setup/microsoft-entra-id /byoc/data-plane-setup/single-sign-on-setup/microsoft-entra-id 301
/data-plane-setup/single-sign-on-setup/other-identity-providers/ /byoc/data-plane-setup/single-sign-on-setup/other-identity-providers 301
/data-plane-setup/single-sign-on-setup/other-identity-providers /byoc/data-plane-setup/single-sign-on-setup/other-identity-providers 301
/developing-workflows/ /byoc/core-concepts 301
/developing-workflows /byoc/core-concepts 301
/developing-workflows/accelerated-datasets/ /byoc/data-input-output/accelerated-datasets 301
/developing-workflows/accelerated-datasets /byoc/data-input-output/accelerated-datasets 301
/developing-workflows/artifacts/ /byoc/core-concepts/artifacts 301
/developing-workflows/artifacts /byoc/core-concepts/artifacts 301
/developing-workflows/artifacts/connecting-workflows-with-artifact-event-triggers/ /byoc/core-concepts/artifacts/connecting-workflows-with-artifact-event-triggers 301
/developing-workflows/artifacts/connecting-workflows-with-artifact-event-triggers /byoc/core-concepts/artifacts/connecting-workflows-with-artifact-event-triggers 301
/developing-workflows/artifacts/connecting-workflows-with-triggers-via-artifact-events/ /byoc/core-concepts/artifacts/connecting-workflows-with-artifact-event-triggers 301
/developing-workflows/artifacts/connecting-workflows-with-triggers-via-artifact-events /byoc/core-concepts/artifacts/connecting-workflows-with-artifact-event-triggers 301
/developing-workflows/artifacts/consuming-artifacts-in-workflows/ /byoc/core-concepts/artifacts/consuming-artifacts-in-workflows 301
/developing-workflows/artifacts/consuming-artifacts-in-workflows /byoc/core-concepts/artifacts/consuming-artifacts-in-workflows 301
/developing-workflows/artifacts/declaring-artifacts/ /byoc/core-concepts/artifacts/declaring-artifacts 301
/developing-workflows/artifacts/declaring-artifacts /byoc/core-concepts/artifacts/declaring-artifacts 301
/developing-workflows/artifacts/materializing-artifacts/ /byoc/core-concepts/artifacts/materializing-artifacts 301
/developing-workflows/artifacts/materializing-artifacts /byoc/core-concepts/artifacts/materializing-artifacts 301
/developing-workflows/caching/ /byoc/core-concepts/tasks/task-caching 301
/developing-workflows/caching /byoc/core-concepts/tasks/task-caching 301
/developing-workflows/customizing-task-resources/ /byoc/core-concepts/tasks/task-hardware-environment/customizing-task-resources 301
/developing-workflows/customizing-task-resources /byoc/core-concepts/tasks/task-hardware-environment/customizing-task-resources 301
/developing-workflows/flytefile/ /byoc/data-input-output/flytefile 301
/developing-workflows/flytefile /byoc/data-input-output/flytefile 301
/developing-workflows/heterogeneous-tasks/ /byoc/core-concepts/tasks 301
/developing-workflows/heterogeneous-tasks /byoc/core-concepts/tasks 301
/developing-workflows/imagespec/ /byoc/core-concepts/tasks/task-software-environment/imagespec 301
/developing-workflows/imagespec /byoc/core-concepts/tasks/task-software-environment/imagespec 301
/developing-workflows/imagespec/imagespec-with-ecr/ /byoc/core-concepts/tasks/task-software-environment/imagespec-with-ecr 301
/developing-workflows/imagespec/imagespec-with-ecr /byoc/core-concepts/tasks/task-software-environment/imagespec-with-ecr 301
/developing-workflows/imagespec/imagespec-with-gar/ /byoc/core-concepts/tasks/task-software-environment/imagespec-with-gar 301
/developing-workflows/imagespec/imagespec-with-gar /byoc/core-concepts/tasks/task-software-environment/imagespec-with-gar 301
/developing-workflows/interactive-tasks/ /byoc/development-cycle/interactive-tasks 301
/developing-workflows/interactive-tasks /byoc/development-cycle/interactive-tasks 301
/developing-workflows/interruptible-instances/ /byoc/core-concepts/tasks/task-hardware-environment/interruptible-instances 301
/developing-workflows/interruptible-instances /byoc/core-concepts/tasks/task-hardware-environment/interruptible-instances 301
/developing-workflows/registering-workflows/ /byoc/development-cycle/registering-workflows 301
/developing-workflows/registering-workflows /byoc/development-cycle/registering-workflows 301
/developing-workflows/setting-up-ci-cd-deployment/ /byoc/development-cycle/setting-up-ci-cd-deployment 301
/developing-workflows/setting-up-ci-cd-deployment /byoc/development-cycle/setting-up-ci-cd-deployment 301
/developing-workflows/spot-instances/ /byoc/core-concepts/tasks/task-hardware-environment/interruptible-instances 301
/developing-workflows/spot-instances /byoc/core-concepts/tasks/task-hardware-environment/interruptible-instances 301
/developing-workflows/task-execution-context/ /byoc/core-concepts/tasks/task-software-environment/imagespec 301
/developing-workflows/task-execution-context /byoc/core-concepts/tasks/task-software-environment/imagespec 301
/developing-workflows/triggers/ /byoc/core-concepts/launch-plans/reactive-workflows 301
/developing-workflows/triggers /byoc/core-concepts/launch-plans/reactive-workflows 301
/developing-workflows/unionremote/ /byoc/development-cycle/unionremote 301
/developing-workflows/unionremote /byoc/development-cycle/unionremote 301
/development-cycle/ /byoc/development-cycle 301
/development-cycle /byoc/development-cycle 301
/development-cycle/interactive-tasks/ /byoc/development-cycle/interactive-tasks 301
/development-cycle/interactive-tasks /byoc/development-cycle/interactive-tasks 301
/development-cycle/registering-workflows/ /byoc/development-cycle/registering-workflows 301
/development-cycle/registering-workflows /byoc/development-cycle/registering-workflows 301
/development-cycle/setting-up-ci-cd-deployment/ /byoc/development-cycle/setting-up-ci-cd-deployment 301
/development-cycle/setting-up-ci-cd-deployment /byoc/development-cycle/setting-up-ci-cd-deployment 301
/development-cycle/task-resource-validation/ /byoc/development-cycle/task-resource-validation 301
/development-cycle/task-resource-validation /byoc/development-cycle/task-resource-validation 301
/development-cycle/unionremote/ /byoc/development-cycle/unionremote 301
/development-cycle/unionremote /byoc/development-cycle/unionremote 301
/faq/ /byoc/faq 301
/faq /byoc/faq 301
/flyte-fundamentals/ /byoc/core-concepts 301
/flyte-fundamentals /byoc/core-concepts 301
/flyte-fundamentals/caching/ /byoc/core-concepts/tasks/task-caching 301
/flyte-fundamentals/caching /byoc/core-concepts/tasks/task-caching 301
/flyte-fundamentals/customizing-task-resources/ /byoc/core-concepts/tasks/task-hardware-environment/customizing-task-resources 301
/flyte-fundamentals/customizing-task-resources /byoc/core-concepts/tasks/task-hardware-environment/customizing-task-resources 301
/flyte-fundamentals/flytefile/ /byoc/data-input-output/flytefile 301
/flyte-fundamentals/flytefile /byoc/data-input-output/flytefile 301
/flyte-fundamentals/task-execution-context/ /byoc/core-concepts/tasks/task-software-environment/imagespec 301
/flyte-fundamentals/task-execution-context /byoc/core-concepts/tasks/task-software-environment/imagespec 301
/getting-started/ /byoc/getting-started 301
/getting-started /byoc/getting-started 301
/getting-started/creating-the-project/ /byoc/getting-started/creating-the-project 301
/getting-started/creating-the-project /byoc/getting-started/creating-the-project 301
/getting-started/deploying-the-project-on-union-cloud/ /byoc/getting-started/deploying-the-project-on-union 301
/getting-started/deploying-the-project-on-union-cloud /byoc/getting-started/deploying-the-project-on-union 301
/getting-started/deploying-the-project-on-union/ /byoc/getting-started/deploying-the-project-on-union 301
/getting-started/deploying-the-project-on-union /byoc/getting-started/deploying-the-project-on-union 301
/getting-started/installing-development-tools/ /byoc/getting-started/installing-development-tools 301
/getting-started/installing-development-tools /byoc/getting-started/installing-development-tools 301
/getting-started/looking-at-the-dependencies/ /byoc/getting-started/looking-at-the-dependencies 301
/getting-started/looking-at-the-dependencies /byoc/getting-started/looking-at-the-dependencies 301
/getting-started/looking-at-the-workflow-code/ /byoc/getting-started/looking-at-the-workflow-code 301
/getting-started/looking-at-the-workflow-code /byoc/getting-started/looking-at-the-workflow-code 301
/getting-started/more-resources/ /byoc/getting-started/more-resources 301
/getting-started/more-resources /byoc/getting-started/more-resources 301
/getting-started/registering-workflows/ /byoc/development-cycle/registering-workflows 301
/getting-started/registering-workflows /byoc/development-cycle/registering-workflows 301
/getting-started/running-in-a-local-cluster/ /byoc/getting-started/running-in-a-local-cluster 301
/getting-started/running-in-a-local-cluster /byoc/getting-started/running-in-a-local-cluster 301
/getting-started/running-in-a-local-python-environment/ /byoc/getting-started/running-in-a-local-python-environment 301
/getting-started/running-in-a-local-python-environment /byoc/getting-started/running-in-a-local-python-environment 301
/getting-started/setting-up-ci-cd-deployment/ /byoc/development-cycle/setting-up-ci-cd-deployment 301
/getting-started/setting-up-ci-cd-deployment /byoc/development-cycle/setting-up-ci-cd-deployment 301
/getting-started/setting-up-the-project-on-union-cloud/ /byoc/getting-started/setting-up-the-project-on-union 301
/getting-started/setting-up-the-project-on-union-cloud /byoc/getting-started/setting-up-the-project-on-union 301
/getting-started/setting-up-the-project-on-union/ /byoc/getting-started/setting-up-the-project-on-union 301
/getting-started/setting-up-the-project-on-union /byoc/getting-started/setting-up-the-project-on-union 301
/integrations/ /byoc/integrations 301
/integrations /byoc/integrations 301
/integrations/additional-integrations/ /byoc/integrations/agents 301
/integrations/additional-integrations /byoc/integrations/agents 301
/integrations/additional-integrations/airflow-agent/ /byoc/integrations/agents/airflow-agent 301
/integrations/additional-integrations/airflow-agent /byoc/integrations/agents/airflow-agent 301
/integrations/additional-integrations/airflow-agent/airflow-agent-example/ /byoc/integrations/agents/airflow-agent/airflow-agent-example 301
/integrations/additional-integrations/airflow-agent/airflow-agent-example /byoc/integrations/agents/airflow-agent/airflow-agent-example 301
/integrations/additional-integrations/bigquery-agent/ /byoc/integrations/agents/bigquery-agent 301
/integrations/additional-integrations/bigquery-agent /byoc/integrations/agents/bigquery-agent 301
/integrations/additional-integrations/bigquery-agent/bigquery-agent-example/ /byoc/integrations/agents/bigquery-agent/bigquery-agent-example 301
/integrations/additional-integrations/bigquery-agent/bigquery-agent-example /byoc/integrations/agents/bigquery-agent/bigquery-agent-example 301
/integrations/additional-integrations/chatgpt-agent/ /byoc/integrations/agents/chatgpt-agent 301
/integrations/additional-integrations/chatgpt-agent /byoc/integrations/agents/chatgpt-agent 301
/integrations/additional-integrations/chatgpt-agent/chatgpt-agent-example/ /byoc/integrations/agents/chatgpt-agent/chatgpt-agent-example 301
/integrations/additional-integrations/chatgpt-agent/chatgpt-agent-example /byoc/integrations/agents/chatgpt-agent/chatgpt-agent-example 301
/integrations/additional-integrations/databricks-agent/ /byoc/integrations/agents/databricks-agent 301
/integrations/additional-integrations/databricks-agent /byoc/integrations/agents/databricks-agent 301
/integrations/additional-integrations/databricks-agent/databricks-agent-example/ /byoc/integrations/agents/databricks-agent/databricks-agent-example 301
/integrations/additional-integrations/databricks-agent/databricks-agent-example /byoc/integrations/agents/databricks-agent/databricks-agent-example 301
/integrations/additional-integrations/file-sensor-agent/ /byoc/integrations/agents/file-sensor-agent 301
/integrations/additional-integrations/file-sensor-agent /byoc/integrations/agents/file-sensor-agent 301
/integrations/additional-integrations/file-sensor-agent/file-sensor-agent-example/ /byoc/integrations/agents/file-sensor-agent/file-sensor-agent-example 301
/integrations/additional-integrations/file-sensor-agent/file-sensor-agent-example /byoc/integrations/agents/file-sensor-agent/file-sensor-agent-example 301
/integrations/additional-integrations/mmcloud-agent/ /byoc/integrations/agents/mmcloud-agent 301
/integrations/additional-integrations/mmcloud-agent /byoc/integrations/agents/mmcloud-agent 301
/integrations/additional-integrations/mmcloud-agent/mmcloud-agent-example/ /byoc/integrations/agents/mmcloud-agent/mmcloud-agent-example 301
/integrations/additional-integrations/mmcloud-agent/mmcloud-agent-example /byoc/integrations/agents/mmcloud-agent/mmcloud-agent-example 301
/integrations/additional-integrations/snowflake-agent/ /byoc/integrations/agents/snowflake-agent 301
/integrations/additional-integrations/snowflake-agent /byoc/integrations/agents/snowflake-agent 301
/integrations/additional-integrations/snowflake-agent/snowflake-agent-example/ /byoc/integrations/agents/snowflake-agent/snowflake-agent-example 301
/integrations/additional-integrations/snowflake-agent/snowflake-agent-example /byoc/integrations/agents/snowflake-agent/snowflake-agent-example 301
/integrations/agents/ /byoc/integrations/agents 301
/integrations/agents /byoc/integrations/agents 301
/integrations/agents/airflow-agent/ /byoc/integrations/agents/airflow-agent 301
/integrations/agents/airflow-agent /byoc/integrations/agents/airflow-agent 301
/integrations/agents/airflow-agent/airflow-agent-example/ /byoc/integrations/agents/airflow-agent/airflow-agent-example 301
/integrations/agents/airflow-agent/airflow-agent-example /byoc/integrations/agents/airflow-agent/airflow-agent-example 301
/integrations/agents/bigquery-agent/ /byoc/integrations/agents/bigquery-agent 301
/integrations/agents/bigquery-agent /byoc/integrations/agents/bigquery-agent 301
/integrations/agents/bigquery-agent/bigquery-agent-example/ /byoc/integrations/agents/bigquery-agent/bigquery-agent-example 301
/integrations/agents/bigquery-agent/bigquery-agent-example /byoc/integrations/agents/bigquery-agent/bigquery-agent-example 301
/integrations/agents/chatgpt-agent/ /byoc/integrations/agents/chatgpt-agent 301
/integrations/agents/chatgpt-agent /byoc/integrations/agents/chatgpt-agent 301
/integrations/agents/chatgpt-agent/chatgpt-agent-example/ /byoc/integrations/agents/chatgpt-agent/chatgpt-agent-example 301
/integrations/agents/chatgpt-agent/chatgpt-agent-example /byoc/integrations/agents/chatgpt-agent/chatgpt-agent-example 301
/integrations/agents/databricks-agent/ /byoc/integrations/agents/databricks-agent 301
/integrations/agents/databricks-agent /byoc/integrations/agents/databricks-agent 301
/integrations/agents/databricks-agent/databricks-agent-example/ /byoc/integrations/agents/databricks-agent/databricks-agent-example 301
/integrations/agents/databricks-agent/databricks-agent-example /byoc/integrations/agents/databricks-agent/databricks-agent-example 301
/integrations/agents/dgx-agent/ /byoc/integrations/agents/dgx-agent 301
/integrations/agents/dgx-agent /byoc/integrations/agents/dgx-agent 301
/integrations/agents/file-sensor-agent/ /byoc/integrations/agents/file-sensor-agent 301
/integrations/agents/file-sensor-agent /byoc/integrations/agents/file-sensor-agent 301
/integrations/agents/file-sensor-agent/file-sensor-agent-example/ /byoc/integrations/agents/file-sensor-agent/file-sensor-agent-example 301
/integrations/agents/file-sensor-agent/file-sensor-agent-example /byoc/integrations/agents/file-sensor-agent/file-sensor-agent-example 301
/integrations/agents/mmcloud-agent/ /byoc/integrations/agents/mmcloud-agent 301
/integrations/agents/mmcloud-agent /byoc/integrations/agents/mmcloud-agent 301
/integrations/agents/mmcloud-agent/mmcloud-agent-example/ /byoc/integrations/agents/mmcloud-agent/mmcloud-agent-example 301
/integrations/agents/mmcloud-agent/mmcloud-agent-example /byoc/integrations/agents/mmcloud-agent/mmcloud-agent-example 301
/integrations/agents/sagemaker-agent/ /byoc/integrations/agents/sagemaker-agent 301
/integrations/agents/sagemaker-agent /byoc/integrations/agents/sagemaker-agent 301
/integrations/agents/sagemaker-agent/sagemaker-agent-example/ /byoc/integrations/agents/sagemaker-agent/sagemaker-agent-example 301
/integrations/agents/sagemaker-agent/sagemaker-agent-example /byoc/integrations/agents/sagemaker-agent/sagemaker-agent-example 301
/integrations/agents/snowflake-agent/ /byoc/integrations/agents/snowflake-agent 301
/integrations/agents/snowflake-agent /byoc/integrations/agents/snowflake-agent 301
/integrations/agents/snowflake-agent/snowflake-agent-example/ /byoc/integrations/agents/snowflake-agent/snowflake-agent-example 301
/integrations/agents/snowflake-agent/snowflake-agent-example /byoc/integrations/agents/snowflake-agent/snowflake-agent-example 301
/integrations/enabling-aws-resources/ /byoc/integrations/enabling-aws-resources 301
/integrations/enabling-aws-resources /byoc/integrations/enabling-aws-resources 301
/integrations/enabling-aws-resources/enabling-aws-ecr/ /byoc/integrations/enabling-aws-resources/enabling-aws-ecr 301
/integrations/enabling-aws-resources/enabling-aws-ecr /byoc/integrations/enabling-aws-resources/enabling-aws-ecr 301
/integrations/enabling-aws-resources/enabling-aws-s3/ /byoc/integrations/enabling-aws-resources/enabling-aws-s3 301
/integrations/enabling-aws-resources/enabling-aws-s3 /byoc/integrations/enabling-aws-resources/enabling-aws-s3 301
/integrations/enabling-aws-resources/enabling-aws-secrets-manager/ /byoc/integrations/enabling-aws-resources/enabling-aws-secrets-manager 301
/integrations/enabling-aws-resources/enabling-aws-secrets-manager /byoc/integrations/enabling-aws-resources/enabling-aws-secrets-manager 301
/integrations/enabling-gcp-resources/ /byoc/integrations/enabling-gcp-resources 301
/integrations/enabling-gcp-resources /byoc/integrations/enabling-gcp-resources 301
/integrations/enabling-gcp-resources/enabling-bigquery/ /byoc/integrations/enabling-gcp-resources/enabling-bigquery 301
/integrations/enabling-gcp-resources/enabling-bigquery /byoc/integrations/enabling-gcp-resources/enabling-bigquery 301
/integrations/enabling-gcp-resources/enabling-google-artifact-registry/ /byoc/integrations/enabling-gcp-resources/enabling-google-artifact-registry 301
/integrations/enabling-gcp-resources/enabling-google-artifact-registry /byoc/integrations/enabling-gcp-resources/enabling-google-artifact-registry 301
/integrations/enabling-gcp-resources/enabling-google-cloud-storage/ /byoc/integrations/enabling-gcp-resources/enabling-google-cloud-storage 301
/integrations/enabling-gcp-resources/enabling-google-cloud-storage /byoc/integrations/enabling-gcp-resources/enabling-google-cloud-storage 301
/integrations/enabling-gcp-resources/enabling-google-secret-manager/ /byoc/integrations/enabling-gcp-resources/enabling-google-secret-manager 301
/integrations/enabling-gcp-resources/enabling-google-secret-manager /byoc/integrations/enabling-gcp-resources/enabling-google-secret-manager 301
/onboarding/onboard-with-amazon-web-services/ /byoc/data-plane-setup/data-plane-setup-on-aws 301
/onboarding/onboard-with-amazon-web-services /byoc/data-plane-setup/data-plane-setup-on-aws 301
/onboarding/onboard-with-google-cloud-platform/ /byoc/data-plane-setup/data-plane-setup-on-gcp 301
/onboarding/onboard-with-google-cloud-platform /byoc/data-plane-setup/data-plane-setup-on-gcp 301
/onboarding/README/ /byoc/data-plane-setup 301
/onboarding/README /byoc/data-plane-setup 301
/platform-architecture/ /byoc/platform-architecture 301
/platform-architecture /byoc/platform-architecture 301
/release-notes/ /byoc 301
/release-notes /byoc 301
/running-workflows/ /byoc/web-console 301
/running-workflows /byoc/web-console 301
/running-workflows/execution-view/ /byoc/web-console/execution-view 301
/running-workflows/execution-view /byoc/web-console/execution-view 301
/running-workflows/launching-workflows-and-tasks/ /byoc/web-console/launching-workflows-and-tasks 301
/running-workflows/launching-workflows-and-tasks /byoc/web-console/launching-workflows-and-tasks 301
/running-workflows/logging/ /byoc/web-console/logging 301
/running-workflows/logging /byoc/web-console/logging 301
/running-workflows/project-view/ /byoc/web-console/execution-list 301
/running-workflows/project-view /byoc/web-console/execution-list 301
/running-workflows/registering-workflows/ /byoc/development-cycle/registering-workflows 301
/running-workflows/registering-workflows /byoc/development-cycle/registering-workflows 301
/running-workflows/resource-monitoring/ /byoc/web-console/usage 301
/running-workflows/resource-monitoring /byoc/web-console/usage 301
/running-workflows/task-level-monitoring/ /byoc/web-console/task-level-monitoring 301
/running-workflows/task-level-monitoring /byoc/web-console/task-level-monitoring 301
/running-workflows/web-console/ /byoc/web-console 301
/running-workflows/web-console /byoc/web-console 301
/union-and-flyte/ /byoc/union-and-flyte 301
/union-and-flyte /byoc/union-and-flyte 301
/union-cloud-and-flyte/ /byoc/union-overview 301
/union-cloud-and-flyte /byoc/union-overview 301
/web-console/ /byoc/getting-started 301
/web-console /byoc/getting-started 301
/web-console/artifact-list/ /byoc/core-concepts/artifacts/viewing-artifacts 301
/web-console/artifact-list /byoc/core-concepts/artifacts/viewing-artifacts 301
/web-console/artifact-view/ /byoc/core-concepts/artifacts/viewing-artifacts 301
/web-console/artifact-view /byoc/core-concepts/artifacts/viewing-artifacts 301
/web-console/execution-list/ /byoc/core-concepts/workflows/viewing-workflow-executions 301
/web-console/execution-list /byoc/core-concepts/workflows/viewing-workflow-executions 301
/web-console/execution-view/ /byoc/core-concepts/workflows/viewing-workflow-executions 301
/web-console/execution-view /byoc/core-concepts/workflows/viewing-workflow-executions 301
/web-console/launch-plan-list/ /byoc/core-concepts/launch-plans/inspecting-launch-plans 301
/web-console/launch-plan-list /byoc/core-concepts/launch-plans/inspecting-launch-plans 301
/web-console/launch-plan-view/ /byoc/core-concepts/launch-plans/inspecting-launch-plans 301
/web-console/launch-plan-view /byoc/core-concepts/launch-plans/inspecting-launch-plans 301
/web-console/launching-workflows-and-tasks/ /byoc/core-concepts/workflows/launching-workflows 301
/web-console/launching-workflows-and-tasks /byoc/core-concepts/workflows/launching-workflows 301
/web-console/logging/ /byoc/core-concepts/tasks/viewing-cloudwatch-logs-for-a-task 301
/web-console/logging /byoc/core-concepts/tasks/viewing-cloudwatch-logs-for-a-task 301
/web-console/task-level-monitoring/ /byoc/core-concepts/tasks/task-hardware-environment/task-level-monitoring 301
/web-console/task-level-monitoring /byoc/core-concepts/tasks/task-hardware-environment/task-level-monitoring 301
/web-console/task-list/ /byoc/core-concepts/tasks/viewing-tasks 301
/web-console/task-list /byoc/core-concepts/tasks/viewing-tasks 301
/web-console/task-view/ /byoc/core-concepts/tasks/viewing-tasks 301
/web-console/task-view /byoc/core-concepts/tasks/viewing-tasks 301
/web-console/usage-view/ /byoc/web-console/usage 301
/web-console/usage-view /byoc/web-console/usage 301
